-- phpMyAdmin SQL Dump
-- version 5.2.0
-- https://www.phpmyadmin.net/
--
-- Хост: 127.0.0.1:3306
-- Время создания: Фев 05 2024 г., 18:38
-- Версия сервера: 8.0.30
-- Версия PHP: 8.0.22

SET SQL_MODE = "NO_AUTO_VALUE_ON_ZERO";
START TRANSACTION;
SET time_zone = "+00:00";


/*!40101 SET @OLD_CHARACTER_SET_CLIENT=@@CHARACTER_SET_CLIENT */;
/*!40101 SET @OLD_CHARACTER_SET_RESULTS=@@CHARACTER_SET_RESULTS */;
/*!40101 SET @OLD_COLLATION_CONNECTION=@@COLLATION_CONNECTION */;
/*!40101 SET NAMES utf8mb4 */;

--
-- База данных: `booking`
--

-- --------------------------------------------------------

--
-- Структура таблицы `addresses`
--

CREATE TABLE `addresses` (
  `id` int NOT NULL,
  `address1` varchar(255) CHARACTER SET utf8mb4 COLLATE utf8mb4_general_ci NOT NULL,
  `city` varchar(255) CHARACTER SET utf8mb4 COLLATE utf8mb4_general_ci NOT NULL,
  `postal_code` varchar(255) CHARACTER SET utf8mb4 COLLATE utf8mb4_general_ci NOT NULL,
  `created_at` timestamp NOT NULL,
  `updated_at` timestamp NOT NULL
) ENGINE=InnoDB DEFAULT CHARSET=utf8mb4 COLLATE=utf8mb4_general_ci;

-- --------------------------------------------------------

--
-- Структура таблицы `categories`
--

CREATE TABLE `categories` (
  `id` int NOT NULL,
  `title` varchar(100) CHARACTER SET utf8mb4 COLLATE utf8mb4_general_ci NOT NULL,
  `description` varchar(255) CHARACTER SET utf8mb4 COLLATE utf8mb4_general_ci NOT NULL,
  `featured` varchar(10) CHARACTER SET utf8mb4 COLLATE utf8mb4_general_ci NOT NULL,
  `active` varchar(10) CHARACTER SET utf8mb4 COLLATE utf8mb4_general_ci NOT NULL
) ENGINE=InnoDB DEFAULT CHARSET=utf8mb4 COLLATE=utf8mb4_general_ci;

--
-- Дамп данных таблицы `categories`
--

INSERT INTO `categories` (`id`, `title`, `description`, `featured`, `active`) VALUES
(6, 'Новинки литературы', 'Супер новые книги', 'Да', 'Да'),
(7, 'Лучшие из лучших', 'Книги, которые имеют самые высокие рейтинги оценок', 'Да', 'Да'),
(8, 'Детектив', 'Жанр, описывающий процесс исследования загадочного происшествия с целью выяснения его обстоятельств и раскрытия загадки', 'Нет', 'Да'),
(9, 'Образование', 'Книги для воспитания и обучения личности, а также совокупность приобретаемых знаний, умений, навыков, ценностных установок, функций, опыта деятельности и компетенций', 'Нет', 'Да'),
(10, 'Временная', 'Временная категория', 'Нет', 'Да'),
(11, 'Распродажа', '', 'Да', 'Да');

-- --------------------------------------------------------

--
-- Структура таблицы `customers`
--

CREATE TABLE `customers` (
  `id` int NOT NULL,
  `name` varchar(255) CHARACTER SET utf8mb4 COLLATE utf8mb4_general_ci NOT NULL,
  `email` varchar(255) CHARACTER SET utf8mb4 COLLATE utf8mb4_general_ci NOT NULL,
  `created_at` timestamp NOT NULL,
  `updated_at` timestamp NOT NULL
) ENGINE=InnoDB DEFAULT CHARSET=utf8mb4 COLLATE=utf8mb4_general_ci;

-- --------------------------------------------------------

--
-- Структура таблицы `genres`
--

CREATE TABLE `genres` (
  `id_genre` int NOT NULL,
  `title` varchar(100) CHARACTER SET utf8mb4 COLLATE utf8mb4_general_ci NOT NULL,
  `image` varchar(100) COLLATE utf8mb4_general_ci NOT NULL DEFAULT 'default_pic',
  `description` varchar(2000) CHARACTER SET utf8mb4 COLLATE utf8mb4_general_ci NOT NULL,
  `featured` varchar(10) CHARACTER SET utf8mb4 COLLATE utf8mb4_general_ci NOT NULL,
  `active` varchar(10) CHARACTER SET utf8mb4 COLLATE utf8mb4_general_ci NOT NULL
) ENGINE=InnoDB DEFAULT CHARSET=utf8mb4 COLLATE=utf8mb4_general_ci;

--
-- Дамп данных таблицы `genres`
--

INSERT INTO `genres` (`id_genre`, `title`, `image`, `description`, `featured`, `active`) VALUES
(5, 'Фантастика', 'фантастика.webp', 'Жанр и творческий метод в художественной литературе, кино, изобразительном и других формах искусства, характеризуемый использованием фантастического допущения, «элемента необычайного», нарушением границ реальности, принятых условностей.', 'Да', 'Да'),
(6, 'Психология', 'best.webp', 'Психологическое направление в литературоведении отвечает потребности разгадать тайну художественного произведения, опираясь преимущественно на психологию творца и читательское восприятие.', 'Да', 'Да'),
(7, 'Биография', '12.webp', 'Описание жизни человека, сделанное другими людьми или им самим. Биография включает в себя не только основные факты жизни, такие как рождение, происхождение, образование, служба, работа, семейные отношения и смерть; она также изображает опыт человека во время событий его жизни.', 'Да', 'Да'),
(8, 'Обучение', '13.webp', 'Этот жанр о беспрестанном развитии и о том, как компании постоянно учатся, если хотят развиваться.', 'Да', 'Да'),
(9, 'Для детей', '14.webp', 'Младшие школьники уже имеют свои любимые жанры литературы и с удовольствием «поглощают» произведения с определенными сюжетами.', 'Да', 'Да'),
(10, 'Манга', '15.webp', 'Японские комиксы, иногда называемые комикку. Манга в форме, в которой она существует в настоящее время, начала развиваться после окончания Второй мировой войны, испытав сильное влияние западных традиций. Однако манга имеет глубокие корни в раннем японском искусстве.', 'Да', 'Да');

-- --------------------------------------------------------

--
-- Структура таблицы `orders`
--

CREATE TABLE `orders` (
  `id` int NOT NULL,
  `hash` varchar(255) CHARACTER SET utf8mb4 COLLATE utf8mb4_general_ci NOT NULL,
  `total` float NOT NULL,
  `created_at` timestamp NOT NULL,
  `updated_at` timestamp NOT NULL,
  `address_id` int NOT NULL,
  `paid` tinyint(1) NOT NULL,
  `customer_id` int NOT NULL
) ENGINE=InnoDB DEFAULT CHARSET=utf8mb4 COLLATE=utf8mb4_general_ci;

-- --------------------------------------------------------

--
-- Структура таблицы `orders_products`
--

CREATE TABLE `orders_products` (
  `id` int NOT NULL,
  `order_id` int NOT NULL,
  `product_id` int NOT NULL,
  `quantity` int NOT NULL
) ENGINE=InnoDB DEFAULT CHARSET=utf8mb4 COLLATE=utf8mb4_general_ci;

-- --------------------------------------------------------

--
-- Структура таблицы `payments`
--

CREATE TABLE `payments` (
  `id` int NOT NULL,
  `order_id` int NOT NULL,
  `failed` tinyint(1) NOT NULL,
  `transaction_id` varchar(255) CHARACTER SET utf8mb4 COLLATE utf8mb4_general_ci NOT NULL,
  `created_at` timestamp NOT NULL,
  `updated_at` timestamp NOT NULL
) ENGINE=InnoDB DEFAULT CHARSET=utf8mb4 COLLATE=utf8mb4_general_ci;

-- --------------------------------------------------------

--
-- Структура таблицы `products`
--

CREATE TABLE `products` (
  `id` int NOT NULL,
  `title` varchar(100) CHARACTER SET utf8mb4 COLLATE utf8mb4_general_ci NOT NULL,
  `author` varchar(100) CHARACTER SET utf8mb4 COLLATE utf8mb4_general_ci NOT NULL,
  `category_id` int NOT NULL,
  `price-discount` decimal(10,0) NOT NULL,
  `price-full` decimal(10,0) NOT NULL,
  `description` varchar(2000) CHARACTER SET utf8mb4 COLLATE utf8mb4_general_ci NOT NULL,
  `date` date NOT NULL,
  `pages-quantity` int NOT NULL,
  `featured` varchar(10) CHARACTER SET utf8mb4 COLLATE utf8mb4_general_ci NOT NULL,
  `active` varchar(10) CHARACTER SET utf8mb4 COLLATE utf8mb4_general_ci NOT NULL,
  `img` varchar(100) CHARACTER SET utf8mb4 COLLATE utf8mb4_general_ci NOT NULL,
  `genre` varchar(100) CHARACTER SET utf8mb4 COLLATE utf8mb4_general_ci NOT NULL
) ENGINE=InnoDB DEFAULT CHARSET=utf8mb4 COLLATE=utf8mb4_general_ci;

--
-- Дамп данных таблицы `products`
--

INSERT INTO `products` (`id`, `title`, `author`, `category_id`, `price-discount`, `price-full`, `description`, `date`, `pages-quantity`, `featured`, `active`, `img`, `genre`) VALUES
(3, 'Последний кресельный подъемник', 'Джон Ирвинг', 6, '599', '999', 'Джон Ирвинг, один из величайших романистов мира, возвращается со своим первым за семь лет романом — историей о привидениях, историей любви.\r\nВ Аспене, штат Колорадо, в 1941 году Рэйчел Брюстер участвует в слаломе на Национальном чемпионате по скоростному спуску и слалому. Маленькая Рэй, как ее называют, даже близко не финиширует на подиуме, но ей удается забеременеть. Вернувшись домой, в Новую Англию, Литтл Рэй становится инструктором по лыжам. Ее сын Адам растет в семье, которая бросает вызов условностям и уклоняется от вопросов, касающихся богатого событиями прошлого. Спустя годы в поисках ответов Адам отправится в Аспен. В отеле «Джером», где он был зачат, Адам встретит призраков; в «Последнем кресельном подъемнике» они не первые и не последние призраки, которых он видит.', '2022-10-18', 912, 'Да', 'Да', '0.39348300 16829346679781501189272.jpg', 'Фантастика'),
(6, 'Коби Брайант. Философия игры', 'Роланд Лазенби', 6, '1254', '1449', 'Коби Брайант был огнем баскетбола, его сердце билось во имя игры, работал Брайант ради успеха, а играл для фанатов. Смыслом всего была радость от побед за любимую команду.\r\n\r\nПятикратный чемпион НБА, самый результативный игрок в истории «Лос-Анджелес Лейкерс», двукратный олимпийский чемпион в составе сборной США, многократный участник Матча всех звёзд НБА и обладатель кинопремии «Оскар».\r\n\r\nПеред вами биография скандального, талантливого, трудолюбивого, харизматичного баскетболиста, который обрел фанатскую базу по всему миру.', '2023-03-17', 672, 'Да', 'Да', '0.74719200 16829349082947285.webp', 'Биография'),
(7, 'Поэзия зла', 'Лиза Рене Джонс', 6, '531', '690', 'ОТ АВТОРА БЕСТСЕЛЛЕРОВ NEW YORK TIMES\r\nПсихологический триллер с особой зачаровывающей эстетикой. Серийный убийца не столько отвратителен, сколько противоестественно изыскан и прекрасен.\r\nУБИЙЦА С ТАЙНЫМ ПЛАНОМ\r\nВ Остине, штат Техас, действует серийный убийца – единственный в своем роде. Все его жертвы – люди, так или иначе оскорбившие поэзию. Он умерщвляет их цианидом, а в рот вкладывает листок со стихотворными строками. Больше – никаких следов. И еще: похоже, Поэт проявляет особый интерес к одной женщине. И она…', '2023-01-13', 384, 'Да', 'Да', '0.68261900 16829350772919009.webp', 'Фантастика'),
(8, 'PRO выпечку и хлеб', 'Иван Забавников', 6, '1330', '1330', 'Книга «Pro выпечку и хлеб» раскрывает секреты приготовления румяного домашнего хлеба из натуральных ингредиентов. Удивите себя и своих близких! Лучший шеф-пекарь страны Иван Забавников с 2011 года создает уникальный хлеб, проводит мастер-классы по хлебопечению и делится рецептами натуральной выпечки с аудиторией своего блога. Более двадцати заведений в России и СНГ работают по технологии Ивана. Под руководством мастера вы сможете испечь свой первый хлеб, подготовить тесто и закваску, выбрать начинку и преодолеть страх кулинарных неудач. А пошаговые инструкции, QR коды на видео из микро-блога Ивана и аппетитные иллюстрации, сделанные самим автором, скрасят процесс приготовления.', '2023-02-17', 208, 'Да', 'Да', '0.79141400 16829351592919303.webp', 'Обучение'),
(9, 'PHP 8', 'Дмитрий Котеров, Игорь Симдянов', 6, '1677', '2299', 'Книга предоставляет детальное и полное изложение языка РНР 8 от простого к сложному. Ее можно использовать как для изучения языка с нуля, так и для структурирования знаний, изучения тонких моментов синтаксиса и новых возможностей последней версии. Описываются все значимые нововведения. Рассматриваются новые типы, атрибуты, перечисления, именованные аргументы, сопоставления, объединенные типы, новые операторы ??= и ?-> и многое другое. Основной упор в книге делается на объектно-ориентированные возможности языка, поэтому классы и объекты рассматриваются практически с первых глав. Приведено описание синтаксиса РНР, а также инструментов для работы с массивами, файлами, СУБД PostgreSQL, Redis, регулярными выражениями, графическими примитивами, сессиями и т.д.', '2023-02-24', 992, 'Да', 'Да', '0.12688800 16829353472961711.webp', 'Обучение'),
(10, 'W.I.T.C.H. Часть 3. Кризис двух миров. Том 1', 'Элизабетта Ньоне', 6, '1302', '1499', 'Кругом проблемы! Кажется, новые испытания поджидают девочек за каждым углом, а сдающие нервы разрушают команду изнутри. Покоя нет даже в обычной жизни — особенно теперь, когда спустя столько лет объявился родной отец Вилл. Смогут ли чародейки взять в себя в руки прежде, чем столкнутся с новым врагом?', '2023-04-01', 256, 'Да', 'Да', '0.77863600 16829354552974896.webp', 'Для детей'),
(12, 'Огненный удар 1. Книги 1-2.', 'Тацуки Фудзимото', 7, '960', '960', 'Агни и его младшая сестра Луна — благословенные, наделенные удивительным даром. Всю свою жизнь они пытаются выжить в мире, который по вине Ледяной Ведьмы потонул в снегу, голоде и безумии.\r\nОднажды в их деревне появляется незнакомец по имени Дома, еще один благословенный, чья способность — создавать особое пламя, которое не погаснет, пока охваченная им жертва не обратится в пепел. Дома убивает всех жителей деревни, а затем бесследно исчезает. Он и не подозревает о том, что благодаря способности к мгновенной регенерации Агни не может умереть, даже будучи объятым неугасающим пламенем.\r\nС этого момента у выжившего Агни появляется лишь одна цель — отыскать Дому и отомстить ему за смерть сестры...', '2023-03-10', 416, 'Да', 'Да', '0.28222200 16829359522971456.webp', 'Манга'),
(13, 'Разрезающий лабиринт', 'Джеймс Дэшнер', 7, '450', '450', 'Долгожданное продолжение культового цикла.\r\nПервая книга новой трилогии.\r\nСовокупный тираж книг цикла «Бегущий в лабиринте» превышает 20 000 000 экземпляров.\r\nСпустя 70 лет после событий трилогии над миром «Лабиринта» нависла новая угроза…', '2023-01-21', 320, 'Да', 'Да', '0.84627200 16829360702964594.webp', 'Фантастика'),
(14, 'Восхождение фениксов', 'Тянься Гуйюань', 7, '959', '959', 'Знаменитый китайский роман от популярной писательницы Тянься Гуйюань! Впервые на русском языке!\r\nТянься Гуйюань занимает первое место в списке ТОП-50 самых влиятельных писательниц китайской интернет-литературы.\r\nВы окунетесь в атмосферу Древнего Китая с его пленительными пейзажами и роскошными пагодами, окажетесь в центре дворцовых интриг и примете участие в кровавой схватке за трон. Ну и, конечно… влюбитесь. Так искренне, чисто и самоотверженно, как описывают только в китайских романах.\r\nВас ожидают цветные вклейки с персонажами в традиционных китайских костюмах на мелованной бумаге и запечатанные форзацы!\r\nНа «Возрождение фениксов» есть шикарная дорама на Netflix с известными актерами, которая уже популярна не только в Китае, но и в России. Дорама стала одним из самых рейтинговых шоу года. Номинирована на лучший драматический сериал на Asian Television Awards и выиграла премию за лучшую операторскую работу на 25-м Шанхайском телевизионном фестивале.', '2023-05-01', 704, 'Да', 'Да', '0.89319000 16829361412963643.webp', 'Манга'),
(16, 'Человек-бензопила. Книга 6.', 'Тацуки Фудзимото', 7, '644', '644', 'Дэндзи превращается в Человека-Бензопилу и вступает в ожесточенную схватку с демоном-завоеванием и ее приспешниками, олицетворяющими различное оружие. Но каким бы сильным ни был Дэндзи, его противники отступать не намерены: они пойдут на все, лишь бы одержать верх над юношей. Это будет битва до последней капли крови, где малейшая ошибка может привести к смерти. Сможет ли Человек-Бензопила одолеть своих врагов? Или же рев его мотора заглохнет навсегда?..', '2022-06-16', 192, 'Да', 'Да', '0.86080500 16829364302944827.webp', 'Манга'),
(18, 'Благословение небожителей. Том 2', 'Тунсю Мосян', 7, '1250', '1250', 'Всё в этом мире имеет счёт: и удача, и невезение.\r\n\r\nБеды преследуют Се Ляня одна за другой: вот он ненароком устроил поджог, а вот столкнулся с призраками прошлого, о которых предпочёл бы забыть…\r\n\r\nВосемьсот лет назад он был любимцем толпы, а матушка, отец и советник возлагали на него большие надежды. Слава о его подвигах стремительно достигла Небес, и в год своего семнадцатилетия Се Лянь вознёсся. Однако радость была скоротечна: в государстве Сяньлэ настали тяжёлые времена. Видя страдания своего народа, принц был не в силах остаться в стороне. Но может ли бог выбирать чью-то сторону?', '2022-08-19', 464, 'Да', 'Да', '0.97685300 16829365992910705.webp', 'Манга'),
(19, 'Зеленый свет', 'Мэттью Макконахи', 7, '759', '759', 'Впервые на русском — одно из главных книжных событий 2020 года, «Зеленый свет» знаменитого Мэттью Макконахи (лауреат «Оскара» за главную мужскую роль в фильме «Далласский клуб покупателей», Раст Коул в сериале «Настоящий детектив», Микки Пирсон в «Джентльменах» Гая Риччи) — отчасти иллюстрированная автобиография, отчасти учебник жизни. Став на рубеже веков звездой романтических комедий, Макконахи решил переломить судьбу и реализоваться как серьезный драматический актер. Он рассказывает о том, чего ему стоило это решение — и другие судьбоносные решения в его жизни: уехать после школы на год в Австралию, сменить юридический факультет на институт кинематографии, три года прожить на колесах, путешествуя от одной съемочной площадки к другой на автотрейлере в компании дворняги по кличке Мисс Хад, и главное — заслужить уважение отца …\r\nИтак, слово — автору: «Тридцать пять лет я осмысливал, вспоминал, распознавал, собирал и записывал то, что меня восхищало или помогало мне на жизненном пути. Как быть честным. Как избежать стресса. Как радоваться жизни. Как не обижать людей. Как не обижаться самому. Как быть хорошим. Как добиваться желаемого. Как обрести смысл жизни. Как быть собой».', '2022-03-04', 320, 'Да', 'Да', '0.21396200 16829366712836344.webp', 'Биография'),
(26, 'Улыбнись мне, Артур Эдинброг', 'Антонина Крейн', 11, '690', '1400', 'Ироничную искусствоведку Вилку перенесло в мир Гало, где набирают ход мрачные события, о которых жители местного университета старательно молчат.\r\nВилке предстоит не только выяснить, что тут происходит, но и разобраться со своей личной проблемой — с тем фактом, что в новом мире ей досталась роль фамильяра при молодом колдуне Артуре Эдинброге, который явно находится в центре грядущих событий. И который, хоть и невозможно хорош собой, но замкнут и одинок.\r\n\r\nУниверситетский стиль преппи, юмор, тайны, история искусства и любовь.\r\n\r\nНовая самостоятельная история от создательницы уютного мира «Шолоха» Антонины Крейн.\r\n\r\nАтмосфера светлой готики и волшебной академии.\r\n\r\nМир, в котором вот-вот случится апокалипсис, атмосфера британского университета, добрый юмор, дружба, любовь и котики.\r\n\r\nЛегкая и ироничная история, полная приключений и внезапных поворотов сюжета, которая унесет вас прочь от забот и подарит несколько волшебных вечеров.', '2023-03-24', 384, 'Да', 'Да', '0.21826000 16830017272951057 (1).webp', 'Фантастика'),
(28, 'Пушкин', 'Иона Ризнич', 11, '189', '599', 'Александр Сергеевич Пушкин – блестящий классик русской литературы первой половины XIX века. Его стихи, поэмы и повести воспитали в каждом из нас любовь к поэзии и творчеству. Чтобы понять, какой путь к признанию пришлось преодолеть Александру Сергеевичу, нужно более детально разобрать его биографию. Без лукавства и домысливания, без помпезности и прикрас биограф Иона Ризнич воссоздала портрет одного из величайших деятелей русской культуры.Из книги Вы узнаете:Почему поэт больше не писал сказки?Сколько Пушкин проиграл денег в игорных домах?Почему Александру Сергеевичу угрожала ссылка в Сибирь?Как Пушкин связан с серийным убийцей?Фишки книги:• Отрывки из самых знаменитых стихов Пушкина• Новые факты в биографии великого прозаика.Для кого книга:• Для тех, кто любит писателя;• Для тех, кто хочет прожить жизнь гениального поэта', '2022-06-08', 368, 'Да', 'Да', '0.87932700 16830020902919297.webp', 'Биография'),
(30, 'Покой', 'Джин Вулф', 11, '2100', '660', 'Один из самых сложных, многогранных и парадоксальных текстов в истории мировой фантастики.\r\nОт автора культового цикла «Книга Нового солнца».\r\n«Покой» — это неспешное блуждание по чертогам разума одного сварливого старика, который на склоне лет рассказывает о прожитых годах, размышляет о жизни и о том, что действительно важно.\r\nОлден Деннис Вир родился в начале XX века в маленьком городке и теперь на склоне лет вспоминает свою жизнь. Вот только его меланхоличные и милые мемуары помимо воли самого автора показывают, что вокруг Вира, самого обычного и успешного бизнесмена, происходило на удивление много загадочных, подчас жутких историй и происшествий. И, кажется, Олден обладает способностью изменять реальность и стирать время, обманывая саму смерть', '2023-02-02', 384, 'Да', 'Да', '0.53649100 16830025202945247.webp', 'Фантастика'),
(31, 'Спасение дикого робота', 'Питер Браун, Пэм Браун', 11, '500', '1349', 'Продолжение повести \"Дикий робот\". Во второй книге героиня робот Роз вновь обретает своего сына, бежит с фермы от новых хозяев и вместе с Красноклювиком ищет дорогу домой, на остров, чтобы снова стать дикой и свободной.\r\nЧтобы включить программу чтения с экрана, нажмите Ctrl+Alt+Z. Для просмотра списка быстрых клавиш нажмите Ctrl+косая черта.', '2022-08-12', 288, 'Да', 'Да', '0.13816700 16830026552733229.webp', 'Для детей'),
(32, 'Дежавю. Богемский рэп, сода и я', 'Олег Нечипоренко', 11, '450', '879', 'Эта книга честный рассказ об изнанке популярности, предательстве друзей и жизненных уроках. И пусть биография автора неоднозначна, его предприимчивость и талант привели музыканта на вершину российского хип-хопа.\r\nКнига дополнена редкими иллюстрациями из личного архива KIZARU.', '2023-01-07', 160, 'Да', 'Да', '0.89314200 1683002866cover.webp', 'Биография'),
(33, 'Волк с Уолл-стрит', 'Джордан Белфорт', 11, '500', '1600', 'Автор этой книги — знаменитый делец с Уолл-стрит, биржевой брокер-махинатор, основатель одной из крупнейших финансовых «прачечных» конца XX века. Каждая страница его мемуаров так и дышит гламуром 1990–х: самые быстрые тачки, самые длинные яхты, самые роскошные женщины — и на все это проливается непрерывный дождь хрустящих денежных купюр. Жизнь-сказка, фантастический успех, за которым следует столь же головокружительное падение: предательство друзей, тюремный срок за мошенничество, пожизненный запрет на профессию... В общем, настоящее голливудское кино — не даром же великий Мартин Скорсезе снял по этой книге один из самых дорогих фильмов в истории Голливуда, и главную роль в нем исполнил Леонардо Ди Каприо...', '2013-02-13', 704, 'Да', 'Да', '0.19296700 16830030526357275164.jpg', 'Биография'),
(35, 'Правление волков', 'Ли Бардуго', 10, '618', '2000', 'Продолжение «Короля шрамов» – бестселлер New York Times. Вторая книга в дилогии о Николае Ланцове. Какая судьба постигнет его и Зою Назяленскую? Будут ли они вместе, или судьба разлучит двоих на пороге ужасающей по масштабам войны?\r\nВойска Фьерды готовы обрушить всю мощь на Равку. Королю Николая нужно как можно скорее отыскать оружие. Это может быть что угодно, и кажется, что способностей гришей будет недостаточно. Николай готов пожертвовать собой ради спасения жителей своей страны, но не его жертва нужна этому противостоянию. Зоя должна принять решение и стать избранной.', '2022-10-12', 672, 'Да', 'Да', '0.19756400 16830035742868901.webp', 'Фантастика'),
(38, 'Единственный конец злодейки — смерть. Том 2', 'Квон Гёыль, Суволь', 10, '1006', '1349', '\"Я выкупила тебя за сто миллионов золотых монет.\r\nНадеюсь, ты оправдаешь мои надежды\".\r\n\r\nЗлодейка Пенелопа Экхарт по-прежнему в игре! Девушка не желает подчиняться безумным правилам жестокого виртуального мира и готова на все, чтобы выжить. А для этого ей нужно завоевать одного из мужчин.\r\nПенелопа решается на рискованный шаг и делает ставку на Иклиса — раба из побежденной страны Дельман. Она считает, что путь к его сердцу будет самым легким.\r\nНо так ли это на самом деле? Ведь ошибиться нельзя, на кону стоит ее жизнь…\r\n\r\nВо второй том манхвы вошли эпизоды 19-38.', '2023-04-13', 272, 'Да', 'Да', '0.76811900 16830038672970275.webp', 'Манга'),
(39, 'Моб Психо 100. Том 4', 'One', 10, '877', '1299', 'На подработке жизнь у Моба бьёт ключом! В «Консультационном агентстве по призракам и тому подобному», где Моб работает экзорцистом на своего учителя Рэйгэна, шквал запросов. То развенчать городскую легенду о женщине с разорванным ртом, то изгнать демонов, которые буянят в школах и на фермерских полях, то охранять места силы и т. д. и т. п. Моб начинает меняться!', '2023-01-12', 384, 'Да', 'Да', '0.42552400 16830039632973463.webp', 'Манга');

-- --------------------------------------------------------

--
-- Структура таблицы `users`
--

CREATE TABLE `users` (
  `id` int NOT NULL,
  `email` varchar(100) CHARACTER SET utf8mb4 COLLATE utf8mb4_general_ci NOT NULL,
  `username` varchar(100) CHARACTER SET utf8mb4 COLLATE utf8mb4_general_ci NOT NULL,
  `password` varchar(100) CHARACTER SET utf8mb4 COLLATE utf8mb4_general_ci NOT NULL,
  `name` varchar(100) CHARACTER SET utf8mb4 COLLATE utf8mb4_general_ci NOT NULL,
  `surname` varchar(100) CHARACTER SET utf8mb4 COLLATE utf8mb4_general_ci NOT NULL,
  `fathname` varchar(100) CHARACTER SET utf8mb4 COLLATE utf8mb4_general_ci NOT NULL,
  `birthdate` date NOT NULL DEFAULT '2023-01-01',
  `phonenum` varchar(20) CHARACTER SET utf8mb4 COLLATE utf8mb4_general_ci NOT NULL,
  `role` varchar(100) CHARACTER SET utf8mb4 COLLATE utf8mb4_general_ci NOT NULL DEFAULT 'User',
  `avatar` varchar(100) CHARACTER SET utf8mb4 COLLATE utf8mb4_general_ci NOT NULL DEFAULT 'default_pic.webp'
) ENGINE=InnoDB DEFAULT CHARSET=utf8mb4 COLLATE=utf8mb4_general_ci;

--
-- Дамп данных таблицы `users`
--

INSERT INTO `users` (`id`, `email`, `username`, `password`, `name`, `surname`, `fathname`, `birthdate`, `phonenum`, `role`, `avatar`) VALUES
(1, 'lv@b', 'fgtg335', '12345awg', 'Elonahg', 'Muska', 'Bedrosovicha', '2222-03-24', '8885858585', 'Admin', '0.65174000 1682502395апасные бабки.png'),
(25, '12345@yandex.ru', 'saf', '888', 'Egor', 'Svintsov', 'александрович', '2023-01-01', '8885858585', 'User', '0.30782900 1681820782photo_2023-04-16_04-20-30.jpg'),
(26, '1234@email', 'fgtg335', '777', '', '', '', '2023-01-01', '8885858585', 'User', 'default_pic.webp'),
(27, '5555@email.afaff', 'Slasta', '111', '', '', '', '2023-04-06', '', 'User', 'default_pic.webp'),
(28, 'slawamarlow@email.com', 'Bebra', '777', '', '', '', '2023-01-01', '', 'User', 'default_pic.webp');

--
-- Индексы сохранённых таблиц
--

--
-- Индексы таблицы `categories`
--
ALTER TABLE `categories`
  ADD PRIMARY KEY (`id`),
  ADD KEY `id_category` (`id`);

--
-- Индексы таблицы `customers`
--
ALTER TABLE `customers`
  ADD PRIMARY KEY (`id`);

--
-- Индексы таблицы `genres`
--
ALTER TABLE `genres`
  ADD PRIMARY KEY (`id_genre`),
  ADD KEY `id` (`id_genre`),
  ADD KEY `title` (`title`);

--
-- Индексы таблицы `orders`
--
ALTER TABLE `orders`
  ADD PRIMARY KEY (`id`);

--
-- Индексы таблицы `orders_products`
--
ALTER TABLE `orders_products`
  ADD PRIMARY KEY (`id`);

--
-- Индексы таблицы `payments`
--
ALTER TABLE `payments`
  ADD PRIMARY KEY (`id`);

--
-- Индексы таблицы `products`
--
ALTER TABLE `products`
  ADD PRIMARY KEY (`id`),
  ADD KEY `id_category` (`category_id`),
  ADD KEY `genre` (`genre`);

--
-- Индексы таблицы `users`
--
ALTER TABLE `users`
  ADD PRIMARY KEY (`id`);

--
-- AUTO_INCREMENT для сохранённых таблиц
--

--
-- AUTO_INCREMENT для таблицы `categories`
--
ALTER TABLE `categories`
  MODIFY `id` int NOT NULL AUTO_INCREMENT, AUTO_INCREMENT=12;

--
-- AUTO_INCREMENT для таблицы `customers`
--
ALTER TABLE `customers`
  MODIFY `id` int NOT NULL AUTO_INCREMENT;

--
-- AUTO_INCREMENT для таблицы `genres`
--
ALTER TABLE `genres`
  MODIFY `id_genre` int NOT NULL AUTO_INCREMENT, AUTO_INCREMENT=17;

--
-- AUTO_INCREMENT для таблицы `orders`
--
ALTER TABLE `orders`
  MODIFY `id` int NOT NULL AUTO_INCREMENT;

--
-- AUTO_INCREMENT для таблицы `orders_products`
--
ALTER TABLE `orders_products`
  MODIFY `id` int NOT NULL AUTO_INCREMENT;

--
-- AUTO_INCREMENT для таблицы `payments`
--
ALTER TABLE `payments`
  MODIFY `id` int NOT NULL AUTO_INCREMENT;

--
-- AUTO_INCREMENT для таблицы `products`
--
ALTER TABLE `products`
  MODIFY `id` int NOT NULL AUTO_INCREMENT, AUTO_INCREMENT=44;

--
-- AUTO_INCREMENT для таблицы `users`
--
ALTER TABLE `users`
  MODIFY `id` int NOT NULL AUTO_INCREMENT, AUTO_INCREMENT=29;

--
-- Ограничения внешнего ключа сохраненных таблиц
--

--
-- Ограничения внешнего ключа таблицы `products`
--
ALTER TABLE `products`
  ADD CONSTRAINT `products_ibfk_1` FOREIGN KEY (`category_id`) REFERENCES `categories` (`id`) ON DELETE RESTRICT ON UPDATE RESTRICT,
  ADD CONSTRAINT `products_ibfk_2` FOREIGN KEY (`genre`) REFERENCES `genres` (`title`) ON DELETE RESTRICT ON UPDATE RESTRICT;
COMMIT;

/*!40101 SET CHARACTER_SET_CLIENT=@OLD_CHARACTER_SET_CLIENT */;
/*!40101 SET CHARACTER_SET_RESULTS=@OLD_CHARACTER_SET_RESULTS */;
/*!40101 SET COLLATION_CONNECTION=@OLD_COLLATION_CONNECTION */;
